{
    "sony dsc-rx0m2 4800 3200 brown 0.6666": {
        "projection_type": "brown",
        "width": 4800,
        "height": 3200,
        "focal_x": 0.7005101968262717,
        "focal_y": 0.7005101968262717,
        "c_x": 0.00023042581998386168,
        "c_y": 0.0011786728507303524,
        "k1": 0.009891327446382428,
        "k2": 0.0018266553949700666,
        "p1": -0.0014896086641940259,
        "p2": -0.0005781871587570852,
        "k3": 0.005422598725952689
    }
}